User ID,comprehensive_privacy_score
806,0.0954378585914469
342,0.19401130828491003
384,0.3703726934748234
992,0.15886443889343435
171,0.9311858368147512
145,0.04583251540183076
510,0.08402778911865028
173,0.0966814033204963
771,0.12271118880303147
755,0.640242896494033
961,0.12857563269570796
340,0.9313741915809437
973,0.12605554824185
249,0.05388902683093053
812,0.06224422629234572
570,0.07292473974780499
553,0.4993241358393972
957,0.12843638714794905
107,0.1309867336787255
718,0.13937232853017273
417,0.11287801350128564
292,0.029365346255817854
754,0.37358820578878865
349,0.10262236894071064
911,0.30383071900761677
900,0.04195223724401802
557,0.06975302079184645
368,0.11951720655700551
979,0.44130086936814555
443,0.37828742640699486
835,0.09705488000986522
724,0.07249047227837116
935,0.13928447518792975
528,0.38487569385309917
817,0.16222686225922422
846,0.09786169097686835
676,0.04097218588514076
668,0.13669053526881741
535,0.09183207213572604
297,0.12280650767966844
699,0.6470327000404934
745,0.12442179602760234
288,0.32424129007100594
538,0.2877163630182757
124,0.16658580115349186
616,0.3590053508551203
405,0.10410221116464002
267,0.11180364311412783
659,0.08910421919342244
574,0.09486787837178029
900,0.09718739324535788
304,0.40589235632595705
237,0.12081714273335202
320,0.11081312667578735
882,0.17905784289382784
863,0.2085691003531133
603,0.06244499584229723
579,0.6679952207248564
304,0.7377585232906354
883,0.08377256116155708
403,0.1151030760334682
943,0.40669518456367415
155,0.0659457315640461
459,0.08774535862060913
145,0.09924828067743055
365,0.10111079819560703
389,0.3031476892671274
123,0.13596644508916153
314,0.9030800328616827
536,0.3824439293373843
666,0.3898242766513748
508,0.04990116498997655
322,0.13843733700388758
838,0.04438920097118602
255,0.18264849831108942
171,0.05283791958219666
186,0.10231501555597398
915,0.3753205430509705
307,0.09586486049615812
687,0.09749487994320877
613,0.6689210136462644
426,0.28816109556717195
580,0.19950927442671187
522,0.1428444019323735
959,0.0980719924144838
177,0.10783091231163276
165,0.20564134439610013
304,0.3892023709737353
508,0.6863316397013115
342,0.08837113037855916
498,0.42168977705048116
946,0.07775100776382239
341,0.2374703503302001
744,0.433122376439573
300,0.12619132764863983
799,0.08801685077763206
246,0.3374081597624359
741,0.3758238667135487
167,0.12439566665722365
790,0.11268924213161009
584,0.3085947297993135
966,0.3778595579670423
398,0.14749276359752095
437,0.4023202480957056
438,0.09104665792354838
791,0.4074448708612533
236,0.37932693541479556
704,0.08885165749861272
259,0.04171014062867127
847,0.6881897578867207
764,0.4440707825979727
844,0.6052422049322513
159,0.12788687049130884
935,0.12366844361938435
200,0.14685452706339538
774,0.13095887123786235
951,0.029855071980749583
506,0.4562092249342187
944,0.1781752434214144
562,0.07326208858323158
577,0.15506868125001064
490,0.4623185483534993
839,0.17237259015715936
743,0.14824384968279805
320,0.6189698895667493
243,0.40147937562803
366,0.13651249560483333
712,0.09589398941160597
426,0.16868085007107245
933,0.029296156749559623
922,0.12718037764272436
769,0.08303393985245573
913,0.3234228808630689
620,0.10139535503781921
179,0.11619711010496754
336,0.20080036194510487
598,0.15023441444714208
472,0.01761759466480914
437,0.11647706764474072
467,0.10632834020173615
962,0.7050128230551705
811,0.1543745198644875
225,0.1098364748013218
633,0.12871887763689194
162,0.3689393775277419
428,0.38315708784167696
632,0.07824659926577793
620,0.0506475851162574
260,0.36394406848294714
286,0.10989966521744188
843,0.020451364876327097
177,0.3805159550801461
577,0.0978804214694105
771,0.1160527986588699
776,0.10856386781338165
347,0.11780646601932057
312,0.3085432709372407
559,0.14822685226074028
432,0.36699327268697535
276,0.3865543059302671
444,0.08553982645965355
263,0.0988440753152438
487,0.40155136470968567
158,0.09604509982652633
709,0.03284395200061323
832,0.09758986553706031
197,0.18527844943516872
163,0.4561622153973317
980,0.02649838107886969
194,0.018169777583733143
822,0.41038009235266015
528,0.3947102689425443
895,0.11324549110051653
533,0.4679992701107002
673,0.13041841987298594
424,0.5843222111313112
407,0.11389039329035079
161,0.44270425652109446
499,0.08188511409102964
726,0.10428844958514626
133,0.1833474589687232
748,0.1128977438421839
565,0.41249317186893364
485,0.14205932100298102
761,0.020107750324534098
792,0.13753040788813684
420,0.16139072240710178
301,0.40274505033403274
635,0.3690837556303962
150,0.4308194257204322
533,0.032101731237429015
671,0.44129427036899443
867,0.09171848936244659
656,0.0936235337640458
197,0.1190648085040435
705,0.10764127440671496
831,0.12251355211126314
912,0.1881292004046057
587,0.2978898867005171
621,0.10244499584229722
691,0.10958078024832893
499,0.09435928884119239
368,0.09325618947792917
910,0.09638684799472079
201,0.09473916456004167
490,0.14111453096280402
350,0.5285832981997737
995,0.39807249233866215
920,0.38149980586277815
554,0.7627785952463876
345,0.040671698125784264
270,0.3689905031070287
697,0.39511287454736044
124,0.38689972020910174
323,0.10547893569475304
998,0.1117620494225042
108,0.14375459721942183
624,0.2601938039397355
416,0.1178125317660156
735,0.11065928334202646
754,0.137349701961869
787,0.10347717262881793
132,0.31194122224795884
704,0.35792818089256445
350,0.03916552656180476
345,0.12204382335345791
812,0.14604884925786246
257,0.12758111686394247
967,0.16217740309386408
817,0.3830095102242832
492,0.09738909598710871
978,0.10236274165084959
204,0.13429183240541837
371,0.1418020266926182
995,0.14625968394793445
823,0.39874265736363357
821,0.38935954713535137
665,0.38014434477437603
141,0.31736418309889636
191,0.6890994532495904
852,0.08679856888371928
163,0.11604100044826529
381,0.4709059792598117
975,0.1401815891256494
174,0.14346157499445908
444,0.33411510920843673
766,0.36584877960176015
699,0.16378795882624458
647,0.103605419844657
460,0.05761652815989578
957,0.16800831873832453
112,0.1190384791639934
203,0.0943219611692227
151,0.38886115605799765
194,0.1744606068079675
192,0.10675540876300413
881,0.15183410516071735
875,0.3706987773521013
633,0.41893866096975224
662,0.17137480815409653
397,0.37385583186549987
219,0.7079975370402158
888,0.1590152826821263
221,0.03432706039584
349,0.03813634932035305
396,0.37717532840852447
871,0.3866986173763647
334,0.31163293567142364
557,0.6196611013996214
801,0.06525716932931835
688,0.36469902064853504
436,0.4751564679356966
443,0.4395177398094625
116,0.13068884552509513
419,0.05736489965688532
207,0.10998605211542906
954,0.04193070717607828
153,0.36407484864795536
640,0.09723245307794985
369,0.03825433142640036
764,0.043875145602916846
443,0.29695249553817654
620,0.11394678473764791
168,0.3951058756088659
269,0.31167786219090154
972,0.1474697670853255
351,0.12321031310251276
209,0.41876695367869265
770,0.6034236474134761
411,0.08750666148967402
679,0.02289152811823542
775,0.15611858868071704
876,0.03308871487824348
395,0.4854198779851725
137,0.07717829462531504
235,0.6547610945673243
167,0.35512607254566375
240,0.6582015727614645
212,0.1749274693338178
599,0.4024481620287588
969,0.11750391190669408
418,0.09561636485133093
504,0.1182354676207441
633,0.3761536167014669
437,0.15301572594823148
235,0.050533535747078355
752,0.14177529741322556
791,0.088845125156018
695,0.13980659599960685
977,0.36743953833668563
780,0.14115285848313014
212,0.11994360855270272
647,0.14760361345195966
448,0.37430269742422423
666,0.4549488827527831
570,0.08470661949604309
281,0.023463774660843116
456,0.11833718552686187
937,0.1306837796267567
439,0.1133086815166365
136,0.08667938695964444
466,0.11172612153823326
756,0.11715909753687352
804,0.36114595952947115
536,0.44322211131311773
793,0.12451044924853058
621,0.39225370818759137
449,0.08846344971012739
267,0.0908602195333708
877,0.17108518541354564
724,0.4215381333831037
485,0.40762784311046185
172,0.0963595854628714
701,0.047313290817559334
308,0.030829857471616817
868,0.11509874335725735
998,0.019948907748991374
202,0.15195855295280228
621,0.37705682971416027
572,0.1684639829625841
293,0.21597531041125415
758,0.023224277651222893
976,0.05419984635663587
510,0.1583010576729194
358,0.10359882084550519
497,0.10675954146954383
323,0.012471375174765159
433,0.010313969048027718
785,0.034755195462021576
341,0.12092759264844816
822,0.1195449356847545
298,0.0301118330386558
509,0.36055624896890626
577,0.3903052037107708
246,0.35078503093697466
373,0.1683697305908605
865,0.4125822250292043
847,0.3853756846878219
612,0.018098388411090974
139,0.3758956558255329
369,0.37381443814354803
676,0.3227211206300376
572,0.16758031698525744
980,0.3754326593799941
178,0.13402953885327373
856,0.09668446952212242
534,0.10977541739502841
178,0.7013830902313152
420,0.1088247615778274
275,0.43819347398977854
687,0.13355287781353145
172,0.08272232044806531
888,0.08751612672078057
720,0.45664927485997997
963,0.05303548961740803
212,0.11292940570680109
397,0.13175641694343038
632,0.31526985073930475
628,0.596903919572198
708,0.10266762874297392
871,0.2506013254656377
360,0.09306835130005296
678,0.055727414675440914
601,0.2911005164216761
642,0.5769059525971886
394,0.3743372255207958
114,0.37038969089688073
521,0.10892607954460237
419,0.10971642634200478
761,0.061055073313880784
177,0.040778548586797664
125,0.12248182359008884
385,0.3209669200171307
106,0.30263883311031153
641,0.1316056398112954
477,0.6657300976018636
723,0.3703884910788531
853,0.3984465689370449
272,0.1084680823408449
634,0.13360553649363158
344,0.11077846526610136
963,0.16444339275209924
334,0.37658735091844425
507,0.017656722063820306
989,0.4579466780871565
563,0.09305948597795992
966,0.22579755403763752
431,0.1505686970809429
569,0.6522930688845527
385,0.38412980697927496
540,0.09246637593298354
506,0.3646071679128665
752,0.35990478110819885
601,0.40765190612757096
208,0.11836298161445521
794,0.11456549090054675
725,0.10864492218680168
883,0.10328113569441971
513,0.08386594699803862
473,0.09720245762725992
454,0.022023126492481965
170,0.13355707717662824
837,0.040367744225459135
622,0.02187954826851262
543,0.10548613460291852
616,0.48681334997525316
359,0.08836306493515148
285,0.026608631024294636
691,0.049578347283995274
976,0.36906715814768093
498,0.4065285431709525
252,0.2076699700545416
428,0.35799530404555324
360,0.1682512152323565
973,0.5961721638884763
553,0.08567600580578608
196,0.07218385211576236
186,0.13475242921490246
994,0.10671488157629425
245,0.02049382510319267
809,0.06235387632875673
830,0.38648998235267645
816,0.5988672717971099
934,0.919471246860894
409,0.4049249863770666
281,0.11882517818130907
234,0.42423472440013327
998,0.07730454214444149
730,0.749607359550468
259,0.08910175290081015
891,0.11065228440353202
353,0.11816707799317086
632,0.06081597624360301
644,0.3065409079622927
334,0.09296956628244712
774,0.13474536361985098
138,0.11454802688258957
151,0.02013501285638346
824,0.30289646070345977
370,0.12363851482525134
157,0.41135114507632975
540,0.4458034031505227
822,0.3721111631402571
649,0.11438465166116465
780,0.356639309704695
983,0.026259284008592013
820,0.1605397847993057
390,0.08366784371037067
242,0.3306984440693164
764,0.13419484711485435
196,0.4152430381392158
883,0.6941338397009785
880,0.4188674717667818
485,0.09902478124151168
733,0.14917950777465402
271,0.06595859627956414
527,0.10510272608654349
307,0.030085503698605683
112,0.6725093527481667
639,0.10605218208571696
678,0.311688693881428
175,0.12334002676260747
367,0.4236985390549104
826,0.36639429686497593
927,0.10260490492275326
478,0.3985184913621436
940,0.1409466230954971
587,0.1529128748806433
472,0.5730244746213488
580,0.11640854470405339
146,0.3826953578707235
143,0.18167037999236768
719,0.41164949982585997
506,0.7067312457610595
622,0.07990748069876066
407,0.10295825133188131
494,0.08839885950630831
395,0.11269424137339178
608,0.10676614046869552
640,0.12048026049382511
980,0.10877843527065079
967,0.10627868106670477
461,0.12827594481503646
487,0.11388346100841362
437,0.06294778625241838
771,0.3764049119216918
728,0.4043692706606164
693,0.11957393128708806
142,0.027224737581466783
511,0.10977608396059937
191,0.39090231314917206
202,0.21090714574956115
660,0.3923238308856487
450,0.3143603886743846
545,0.38751142743350614
788,0.22575917652489377
946,0.030961704141538586
659,0.1188903016375848
387,0.08753565709200764
509,0.6070313002527954
877,0.12144244789540232
653,0.12145471270190689
416,0.026808734008675356
120,0.4086256251135243
495,0.0636664772509503
244,0.4223322129477027
548,0.3153037789268626
337,0.11645780389974193
442,0.09863624017024072
589,0.23798733858698098
227,0.0991562946286479
776,0.060440233231293286
759,0.35832585391215643
882,0.1011356610914012
752,0.12162981947737915
290,0.4170796095925455
734,0.6758328320204774
437,0.28687182443995995
110,0.6807421541066272
351,0.07195781973067412
333,0.3853546878723393
724,0.07324569107018779
370,0.10238253864830493
897,0.4074849481162022
548,0.43348238850441007
719,0.09310521237612297
488,0.31558773586006095
798,0.18590167157981025
649,0.19301365959496117
667,0.18570350163558536
751,0.32378575915986063
434,0.05033636565120955
387,0.4601187819847324
738,0.37556577252450024
304,0.15534298964657023
505,0.10798902166504755
360,0.12052765330591507
924,0.08491932056971355
114,0.10022593240025275
156,0.40979958039697306
773,0.4520139112234648
118,0.28906469185506883
119,0.6688321604556642
593,0.03910313602436958
272,0.08745660241530046
905,0.1575767008670353
286,0.16752419216418837
132,0.0802486956144985
391,0.09833261955270112
596,0.1948186525043701
240,0.41813238325520613
335,0.09703175018455537
154,0.1679547935229824
325,0.6380231831505565
660,0.3915558140348718
423,0.24999035146336174
398,0.46086310242946427
501,0.12250748636456808
130,0.36718517691483493
333,0.3735053516883272
214,0.08453651196235228
949,0.37598997485381375
674,0.7112387954493573
901,0.14604878260130547
302,0.12155623063835305
505,0.39232549729957666
409,0.2113788908682185
494,0.1138814613117009
159,0.020592876747026718
507,0.1075297579867053
969,0.4524977045148163
763,0.16661346362468377
409,0.1340426701950205
839,0.11496603015209356
461,0.3984277051313883
674,0.653999826692951
322,0.35402883895942394
408,0.08456384115075882
478,0.39207700165474924
626,0.07757230153426731
568,0.4235836231504886
941,0.03917632492405319
391,0.03315190529436371
200,0.7081572128227224
379,0.3759599127465661
786,0.1607422207631844
875,0.4424622932188624
690,0.09223947701265313
957,0.09637784935951388
750,0.05053440228232058
522,0.45254129790315184
601,0.3689079156327956
599,0.38481450313369153
828,0.42252878313455816
196,0.12052338728626162
318,0.3577002154673209
851,0.3939417188393093
558,0.13268041013779583
484,0.09888113636098522
727,0.2976946496448035
706,0.12431541216248851
511,0.09762366041150429
437,0.10604431661198037
488,0.3586953978646569
315,0.6954510065973325
493,0.15154761527834945
637,0.39586222756215295
179,0.36422589240631836
245,0.18746176829847483
929,0.10891981382823604
780,0.43707331054790044
202,0.40704779775067457
349,0.08679310304603798
490,0.5863206080411135
895,0.08367970857753244
155,0.1061120396739827
915,0.40956574919470556
565,0.13957169829242563
447,0.3016704466489252
861,0.40680783414515437
144,0.4296798318921626
248,0.10020953488720881
386,0.40741200917860804
661,0.1043303765595552
688,0.14123844550243203
152,0.12201849386176422
348,0.6322457760572968
864,0.11821587059296024
947,0.11710270608957632
435,0.1119248913914724
267,0.09925707934296629
332,0.10224582604971583
974,0.08933958349650312
995,0.41491080519454554
322,0.026981974400549235
397,0.16640716158049387
246,0.08836746426791946
266,0.30966090142994995
700,0.07300719390892389
815,0.1153529048094372
250,0.09587119286908165
602,0.09058859406323377
300,0.49174075265251393
603,0.13490960537651772
162,0.056989156644575614
812,0.3908245916036067
415,0.35929044094978935
242,0.1591459295340207
729,0.43519516206708664
255,0.007757423457442269
238,0.10436103857581604
364,0.10358402308983151
138,0.063320396406545
339,0.10666162298718036
476,0.08284696820982146
687,0.026083377354434573
139,0.1087110454914339
924,0.1214339158560952
496,0.37840754152286904
135,0.39969124682756435
343,0.4418020600208963
714,0.42997878655070637
255,0.3784254054801686
413,0.12641042775179095
132,0.1080143511567413
765,0.13916062730485865
649,0.3661609989151647
303,0.11904567807215907
900,0.37176461569995206
946,0.03293327178711232
106,0.1204545310627888
235,0.043968331469727014
454,0.4708971139377194
372,0.30139715476486084
144,0.4511697059279341
348,0.3605923768228486
743,0.3995860627804788
789,0.12069322819372383
656,0.16615223357790726
969,0.13715639794631157
254,0.39215372335195847
804,0.37387129618674486
539,0.0989549918262396
991,0.4279241648350006
400,0.07162926956078323
991,0.3750442516218371
467,0.16379742405735104
507,0.38749522989013374
220,0.7165054966663398
355,0.38129483694972927
270,0.37598110953172115
818,0.39202334312629283
758,0.38289806046083014
573,0.06608977638391517
998,0.4020909495393193
538,0.3923076333422766
696,0.12044353273086905
743,0.10156272965266937
650,0.09644117308874822
220,0.15633535580436989
162,0.42742767346952376
448,0.7163536863575692
239,0.3815738612977038
122,0.14537595131405093
971,0.3815695952780498
535,0.3552646515278518
899,0.17442814506466536
975,0.08933811705224719
323,0.6582347677268945
894,0.10232128127234034
827,0.4013006693984743
105,0.40444985843813697
793,0.1944544410764368
173,0.6834995525678609
845,0.1449704128207221
305,0.3027518826311341
159,0.3572688808863987
180,0.09753867330121603
933,0.11772481173688648
536,0.45597977640057985
714,0.38307756656907066
152,0.3841681344996012
173,0.09462998111953012
552,0.15631002631267615
386,0.03426766940347379
687,0.3589180307653338
393,0.2933118477030985
983,0.18489449100219818
441,0.4171335347472304
331,0.43375261418684796
653,0.5879522605738128
894,0.3386894987593543
180,0.28684369537286825
787,0.30136955895022643
210,0.16255947847909716
578,0.15645847046531297
232,0.09448453651196242
714,0.22425878741724173
811,0.6581331831338925
853,0.09826163031940151
821,0.14220896497364582
572,0.100863302399136
581,0.10602571943255258
458,0.12151996947129678
701,0.411683494669975
604,0.023408716344687726
600,0.5823283468673918
500,0.3855688553902656
405,0.07642694191380967
433,0.4447715596467865
988,0.38249938759288127
262,0.3820845171815606
561,0.11566245786055793
519,0.08184478687399091
221,0.11604533312447625
928,0.09219475046284656
640,0.09412272472008411
331,0.3046821898678695
417,0.04242349910263602
480,0.3919540869634771
217,0.16156082994079246
467,0.4512806224389301
181,0.38199176458237155
292,0.3314241506704814
824,0.4354591720255758
140,0.023455709217435356
113,0.0693326845428444
110,0.0879863220744854
187,0.09638318188408093
585,0.12935764742347405
777,0.21818310889515088
108,0.04704039887283759
587,0.35949391009030307
365,0.08947769588279109
980,0.1671835105009076
673,0.05588112469608781
190,0.09872875947148016
820,0.21132834853380586
168,0.1306973109078456
854,0.16669145179647774
359,0.3997401060839109
431,0.18448082040890476
968,0.22569758586614352
746,0.1535345805886108
307,0.3907248067376443
204,0.11035912886545535
407,0.35434132489905734
163,0.1276323757563437
579,0.10792023209813188
779,0.5024225825749754
808,0.3805527494996592
773,0.18619442717854479
208,0.18331673029590528
592,0.18594639812961702
377,0.6339264544877354
767,0.023744265453072958
217,0.04955428426688615
990,0.30997485381383827
229,0.19458422139308865
502,0.3593752947469636
310,0.10558751922625076
606,0.4071450496674674
779,0.4062549180041024
182,0.04895310877850192
896,0.41079936209674883
405,0.18843715369835592
401,0.05857144999675044
907,0.10627081559296844
302,0.38889181807425854
217,0.3906285546692087
530,0.06261816957761407
848,0.11278069492793591
250,0.08837626293345507
950,0.10986740344381088
903,0.4031758516624979
783,0.05309521389255966
106,0.08561948104537478
502,0.3627012569760252
172,0.12065590052175423
189,0.1870001049840775
990,0.11675702518451372
250,0.14829824143338263
755,0.15651046257984225
169,0.2506390697410892
824,0.15326648791599942
295,0.03452223079499614
740,0.11358044029988788
576,0.36410964337075546
237,0.11146082844101983
335,0.6912191484291546
528,0.1680929725658273
565,0.12547983555827352
114,0.35831485558023696
659,0.10028745640244545
829,0.4493053220261597
614,0.14098908332236273
439,0.1152767830212417
735,0.46456979024847916
617,0.12947982889261803
583,0.42143801523435637
170,0.6860548816762798
315,0.4152097598530895
822,0.08841465711033827
416,0.6758140348713776
719,0.10878143481571968
360,0.36902703090031336
268,0.13921235279315985
583,0.618864205595485
687,0.36780068356299295
190,0.12201029510524235
507,0.14951459028713981
725,0.0825251503521967
187,0.14288826194693807
370,0.3997371731953983
635,0.43723055336607297
441,0.04567520592710104
151,0.36745873542512675
658,0.6903184183732135
714,0.08806924283150391
204,0.16054491735420137
100,0.12213161003914384
774,0.4015236355819368
340,0.11438605144886355
657,0.012506636493465133
292,0.3785994457507279
697,0.3640039927277703
337,0.43711972017577316
104,0.5997983139223878
747,0.09137207523525609
693,0.11290980867901709
751,0.20461123396284914
234,0.6390261477009309
334,0.11944701720239077
833,0.09111318116752297
476,0.10563917805799457
786,0.3757618094588988
517,0.6843830685679341
407,0.3759739772801126
584,0.012488572566494082
188,0.11693939752470887
195,0.10408208088439931
866,0.3848215687287431
762,0.39749657968541463
375,0.40023789725224956
992,0.363701905211043
791,0.10463119760169695
809,0.6857157664420894
617,0.43914319661518014
536,0.3722723386952977
887,0.49242646531942597
270,0.41125102692758264
482,0.02709942325413974
994,0.42937874422379346
670,0.37991231329914926
202,0.37318320054791754
337,0.3981981399487745
213,0.035853828835959875
492,0.4924693088214945
926,0.053390302470791975
506,0.38026006055748196
523,0.3600041327065395
193,0.4320765850512672
255,0.04386121438248533
541,0.43069534453941166
552,0.12272751965951825
685,0.0847136850910945
887,0.12083127392345483
343,0.33379719075940123
269,0.19255706217890295
899,0.16037440988116825
965,0.3781326498814348
118,0.46744435427293546
314,0.10605251536850241
503,0.11571191702591772
677,0.372322131143443
610,0.13472136725929887
939,0.11098323420947816
250,0.10039830625688433
755,0.12346414127190691
393,0.13096593683291372
887,0.1396472201716074
718,0.11688373929953938
429,0.3664808837326342
774,0.08779921711873691
463,0.3600675230923309
894,0.3676925666273945
405,0.08739674482703455
834,0.41618489529088115
122,0.39485438041897025
815,0.10889688397259749
717,0.40433539246547545
954,0.10265589718892637
641,0.34106140568680443
915,0.10811306951778991
974,0.020640936124687745
389,0.18606677987171932
238,0.08796132586557714
939,0.11492270338998577
476,0.4336534958864569
447,0.12148544137472475
644,0.19205533827369553
600,0.3232935171498991
756,0.367958859572965
368,0.42864600535585423
885,0.3584818969123016
693,0.0695601167156314
447,0.1024835899888515
973,0.06300437766938678
352,0.3833755880358142
589,0.6399175791671591
492,0.3579802396636513
882,0.09508304573806296
823,0.11905341023278114
692,0.029583246540941275
131,0.3983533830702345
879,0.3843817687650704
829,0.36457697249250537
418,0.44413690590260496
366,0.6219081605956431
348,0.0857526608464382
967,0.44936397979639814
120,0.0033431596207908415
344,0.3737674452708003
575,0.08546143834851706
786,0.22463519699512222
750,0.173034889708394
445,0.36918793982912634
253,0.16470615290014348
528,0.28099178291292515
895,0.41974093929087425
128,0.09022978181642449
880,0.35961685810985367
586,0.16693461491673783
469,0.07517019918645677
491,0.3843875012289804
750,0.6481472643315759
919,0.028953408733008838
350,0.25853285585019575
118,0.1857350301870881
964,0.04431187936496293
100,0.16725250003749448
693,0.424385168249482
760,0.18432717704481485
156,0.04207181910743538
640,0.14689445434109152
187,0.3243624550276538
652,0.15824259987235237
230,0.36450638319854817
339,0.6686056614746773
296,0.12619559366829353
638,0.4178589580580278
376,0.10678520424402305
377,0.12838086223589434
600,0.14314548960074375
197,0.17924348140532015
887,0.3763979129831973
652,0.030874450708309232
573,0.3752332896177413
372,0.10432784361038584
363,0.6586446388964348
877,0.10147727594648151
655,0.11460361845120165
753,0.09307261731970655
524,0.37533647396811465
828,0.666811666897187
384,0.0917436855410263
694,0.3983730467545755
480,0.05824016690801895
154,0.6338514658610097
886,0.1051021261775296
578,0.41837301342629646
632,0.09703088364931309
329,0.16312725903238018
802,0.3187215938915931
667,0.10406768306806802
214,0.3089861371025395
914,0.3922192467475768
845,0.11156287962992284
395,0.37828709312421005
213,0.12737181527468341
851,0.029799880351480033
947,0.16146977708380905
246,0.01396754825518126
301,0.10732185618514521
617,0.3642881496306394
333,0.7425493633465592
209,0.10881296336722263
863,0.14342798008968655
652,0.36276904669458504
887,0.12452104764110768
966,0.15341766498747705
302,0.10135742745683586
453,0.6008008785334229
881,0.1661305368685751
685,0.10041803659778259
257,0.11276449738456329
561,0.45512725569955265
731,0.007066928182558968
649,0.3351600840539183
823,0.13936372983430848
943,0.05549624973545683
171,0.18435077346602446
770,0.4577436422142636
982,0.07232829687497393
850,0.1703494969929562
548,0.3857352968133171
736,0.18447662104580817
317,0.09691470127030748
309,0.5089352114929238
584,0.4311478759054871
588,0.10760088053311927
873,0.1480702760081385
261,0.07799217118736984
587,0.674053318580016
692,0.1136482966750042
596,0.09886120605041564
884,0.10151353711353782
992,0.43079352964800294
582,0.007062328880119842
159,0.11954720200769536
704,0.39665197445054207
197,0.09761652815989569
818,0.14115952413883878
323,0.13195132071635812
225,0.0947613611935523
708,0.13986418726493144
489,0.3742974315562138
103,0.14760574646178662
490,0.3892862915791108
728,0.3759443817687647
405,0.4283778293625467
652,0.04741714173350378
728,0.0948296841645683
211,0.33716699633888836
640,0.08148484146571107
674,0.3808611693893089
724,0.411510520904329
586,0.4056559421821025
171,0.3082877763539193
124,0.11835344972679146
244,0.193491387139617
992,0.15158147680935083
811,0.12371956919867148
578,0.18094768960041063
608,0.19241816657806898
614,0.2917622160638968
742,0.11034646411960862
254,0.040606707982622635
528,0.3501576927499325
838,0.16228751972617508
738,0.14309609709194113
829,0.05988218453534548
368,0.1507741325898907
308,0.1036500130813495
359,0.33621387422907484
144,0.0840863135757744
354,0.02915371168706078
857,0.6750708809163946
917,0.08891024861229385
712,0.9368109836674777
515,0.40358808913981326
415,0.1070576295928451
180,0.3939998433570912
593,0.10998845175148424
804,0.09498965990158162
515,0.1261214049202537
528,0.085604549976587
627,0.17849572814789766
380,0.12451011596574516
526,0.3105996257234316
101,0.66732292269006
861,0.3788381428816631
425,0.0924471788445419
690,0.14378705896272423
565,0.43275211592908386
624,0.4905686637526636
639,0.41041215415661936
278,0.14241919975470402
673,0.03228570333499422
217,0.3705271367175975
150,0.6790934041670351
290,0.10731105782289686
552,0.19787832178786197
958,0.28760471328515175
585,0.007633242291585771
370,0.3724544444092644
396,0.1192132526566804
514,0.04519801163490201
135,0.09692829920795346
209,0.12995862294218707
147,0.13116384015091062
905,0.05602650264709852
127,0.4147550288206284
810,0.12959894416013573
380,0.05383823453442888
221,0.17262935121506565
787,0.22458955391765564
750,0.40670498307756625
508,0.08172433847533127
794,0.09957569768585102
452,0.10115779106835458
749,0.11555780706592846
864,0.010404488652554363
617,0.11092577625726747
253,0.06026692618286229
844,0.42726431491223826
296,0.4467349285358383
131,0.10547013702921715
821,0.09051980449631815
301,0.11999153461724962
635,0.12661333031156952
847,0.14335732413917246
414,0.36493331844670246
941,0.9276204275684863
888,0.11689760386341419
158,0.0829504191864234
661,0.34066079977870056
193,0.07439011749884605
788,0.08376016304193869
282,0.057155931350411845
429,0.11175038452501383
746,0.16687455735880083
993,0.13211449596811162
980,0.12440833140307034
399,0.0907671669796747
306,0.3848049045894705
987,0.1610178456267467
201,0.011712623585422879
539,0.11899488577565734
743,0.08678357115837435
549,0.5024172500504087
388,0.050655317276879615
360,0.4107389045994689
299,0.3624127673969449
176,0.11076680036861081
500,0.41558563617851285
907,0.11439271710457252
268,0.09375671356510937
959,0.3604439326702118
614,0.43030640352879773
104,0.4687149948924409
186,0.19960659300006178
276,0.30887142116778926
454,0.45806852627351463
176,0.3514365321259604
357,0.12190171157374462
857,0.08834246805901103
861,0.10629361213549281
394,0.39201941038942456
528,0.41843600387274604
468,0.09716972925772932
933,0.11304138872271052
368,0.29361573494686644
493,0.04238157212822715
503,0.12610640719490887
979,0.26981369492293633
609,0.4026844595236387
922,0.32923504935084824
238,0.4102555779040181
834,0.7038404841932311
188,0.3003757763405882
273,0.10836976391913901
564,0.10467999020148591
972,0.4077392262173573
644,0.1580137012553093
132,0.09678218803481474
475,0.5010911345112659
313,0.13426097041948631
163,0.38547073693823075
660,0.3781343162953622
890,0.37170055874858987
797,0.11902648098371736
504,0.10056828047746076
622,0.1337682451494856
258,0.03528438186874993
332,0.6456267132818202
480,0.08839126065880004
688,0.1141832155456423
183,0.36150730472545023
543,0.15842537215189006
780,0.10725313327478667
189,0.10556558921896843
256,0.012006445689070486
790,0.10993259355664399
364,0.4384664325910571
681,0.10788877020318587
739,0.3962345710900511
955,0.24106585501199
898,0.30605678138815656
427,0.647634375453055
701,0.13111438098555062
409,0.010070206018753825
260,0.0663157421124463
128,0.12560068389627552
901,0.01619507707997618
559,0.11636841745668576
800,0.4330037944245121
123,0.3730521537566806
709,0.37527721628886235
545,0.1153802339978436
881,0.3827897435555605
660,0.12366571070054365
527,0.45292397319739863
620,0.10141828489345775
916,0.09718799315437165
861,0.1380701260308852
800,0.029802146674421062
203,0.1682393503651947
103,0.1060984417363366
842,0.14472105064065266
414,0.6983647146849392
497,0.0560578978854873
346,0.38006389030996973
364,0.1589413605603149
638,0.37512377289444415
684,0.44553944318444977
815,0.3784758644938847
719,0.09745141986798667
205,0.030773732650548016
797,0.0260479827226204
262,0.6837177028150734
907,0.38327513660428186
249,0.034323527598314287
815,0.32555749044728194
748,0.12870254678040502
456,0.6525906904119535
663,0.11571165039968934
126,0.13815937916082718
539,0.35902061520669365
125,0.14083670643285762
989,0.39592868414957044
307,0.4114026705949594
525,0.13837547971890918
588,0.3823574757828402
754,0.09920675364236411
746,0.38117858791416637
967,0.11344099478245787
504,0.36261866950179256
389,0.30646098675034333
216,0.6796691335147497
794,0.022036791086685197
661,0.13600097318573354
751,0.40504143538230025
311,0.2254764694021407
581,0.3561011913193164
806,0.12132313265821348
815,0.30426012054838375
498,0.08197370065540058
869,0.11325129022098322
429,0.17332064636863406
734,0.007165713200164636
757,0.10677427256866048
802,0.11479912213314307
787,0.1156785887473733
934,0.15804363004944258
698,0.19712183652146098
613,0.4223642747516627
869,0.03301899211952852
161,0.09639637988238446
545,0.13330271575477715
357,0.43718855973510706
731,0.14590213817571013
927,0.09063512034008166
376,0.1665060799112136
851,0.3213937219521706
165,0.3702862399202791
258,0.09137320839672661
446,0.2988338102054524
487,0.1493349508657852
443,0.09885300729389361
629,0.1158175676689036
856,0.47339306871791076
182,0.04075048617626332
259,0.09789848539638156
500,0.09241611688893854
989,0.023399317770138203
906,0.36224319311571074
390,0.0922058154513233
829,0.4105211376274594
798,0.3890167991188002
421,0.10321694542994303
808,0.5705507831312251
552,0.007490463946301469
510,0.1116807284228557
886,0.3810029478862373
121,0.2834124157836062
218,0.648139965438576
964,0.3893267521092638
730,0.2701990364794675
127,0.33702528449851726
642,0.3763741832488739
279,0.10520011131645035
249,0.1275381233846202
486,0.10264043286768187
843,0.12040953788675378
730,0.1286382898593713
468,0.39070900913361456
875,0.014055468253981462
898,0.02646798568883717
708,0.3961033243291435
366,0.3370060207535191
569,0.09939552501203988
791,0.3005984758978223
457,0.3019175425060535
810,0.16443932670211678
906,0.08865695369535626
344,0.09803079866220278
484,0.2845474436377153
763,0.4236850077738217
484,0.10963730500874032
122,0.35949947591281983
815,0.1137468817229387
746,0.3111198801515103
552,0.3998189607909465
786,0.12940690661916268
964,0.43341413218995134
480,0.0878287459735273
120,0.3365272267039496
302,0.39828899283608665
678,0.3999166126470816
418,0.1578489929027429
868,0.390281274006776
618,0.16376589550584814
414,0.3852756331956322
760,0.09584319711510428
567,0.13430703010043454
422,0.3781649116550654
180,0.08905409346249149
163,0.12452058104520822
443,0.6307319723175318
123,0.17468190657750235
491,0.45018692165021695
254,0.3169053360240364
196,0.047257765905504324
285,0.4098641039442353
407,0.43199926344504436
434,0.11292520634370447
108,0.3580672931272095
525,0.3871128212221149
305,0.1228307040098917
762,0.16554775858994744
210,0.007002138009068625
815,0.030213884227558805
381,0.39400984184065413
282,0.13194165551558026
284,0.13531201101166335
606,0.6531769848239688
228,0.04965053633532248
221,0.08370170524137178
473,0.09321779530104615
706,0.18565224274318368
919,0.1270401989031666
605,0.09304968746406792
222,0.11147749258029195
653,0.3084641496039765
382,0.01720605708134264
749,0.3131978983187547
892,0.10229341883147727
113,0.39206487016135916
836,0.0970656783721136
500,0.39419907980622976
417,0.6585699835524944
227,0.11950907445704058
864,0.6051371708624198
894,0.3907507361383524
549,0.10590793729617685
864,0.701575427726794
358,0.4393121709874
544,0.46846241653349197
918,0.1977510077638222
922,0.019845790055174978
243,0.3583873779143499
217,0.3825216508829496
201,0.10516751626003386
706,0.12249662134576245
741,0.04062990446448955
317,0.3711226463986296
508,0.11525331991314657
252,0.10407721495573159
543,0.08736494964930318
466,0.11603000211634579
706,0.320238763787492
442,0.1357500779048511
930,0.13838041230413367
340,0.12991742918990629
942,0.4282157206157065
507,0.13041861984265715
232,0.09245564422729226
990,0.1393861264374902
685,0.39566199126465823
237,0.012981231179937689
578,0.09602150340531694
596,0.01164336742260755
174,0.1398411240961788
965,0.06937634458773756
103,0.37660941423884053
240,0.040381675445890684
908,0.09835988208455046
336,0.1079043011809877
335,0.12323730900813383
234,0.16540391373974953
672,0.11737346502447123
409,0.045389315953747025
137,0.10803754763860818
208,0.09251550181555795
409,0.11997447053863486
211,0.5900192970732777
723,0.33198633207296885
549,0.15191975883657632
325,0.6551919625523454
381,0.3802376806184393
309,0.524374003276169
865,0.10707562686325907
276,0.3826219690013684
410,0.1360297021618388
800,0.09927614311829376
899,0.10246432624385299
312,0.2573393868596598
821,0.33231169939225913
948,0.39241268407624874
542,0.12953608702680108
220,0.10160065723365298
923,0.022896660673131265
567,0.3843623050504007
762,0.14612337128868805
194,0.11335914053035274
482,0.14806487682701464
505,0.42384838299524596
752,0.35826279680915063
964,0.13633385603183537
248,0.680581261841953
103,0.097686450888282
282,0.13424810570396833
399,0.15269490793896265
153,0.3045549425003872
662,0.10466859193022375
140,0.3777089808045778
274,0.3632025809418908
211,0.04158975888656891
496,0.17939239215385694
247,0.6589663900975026
307,0.4285744162135405
148,0.0931730687512394
326,0.08258167511260779
945,0.11041978633240612
689,0.38761507837977904
422,0.10579835391632274
649,0.6553094280700767
815,0.11611232296435046
234,0.04768183492170354
478,0.43589815544642396
931,0.03344326110539905
144,0.11818920797012464
175,0.16460443499402608
505,0.1446539274876646
416,0.39076486732845517
868,0.10458180509289418
644,0.43547385313227494
996,0.44500924026522654
282,0.1330984800638569
127,0.096460570146861
638,0.3904205862110918
645,0.09439121733203797
773,0.3856923699905513
372,0.18118458700430418
682,0.11608519374561521
340,0.16029295556840534
149,0.12370477144299788
376,0.3848312339295201
141,0.04164168434454113
689,0.43421494406681627
798,0.09295670156692899
179,0.423539363196582
398,0.09622547247000873
904,0.2939996100591413
833,0.4356276631377578
919,0.39607812815056415
553,0.13232224779241814
507,0.1024979211486257
853,0.36172500504090244
151,0.058135182830603975
599,0.10550606491348813
672,0.3735524778741889
271,0.11760622972182558
243,0.09834401782396332
299,0.37851772481173696
316,0.07868559935076502
380,0.344273051920459
272,0.11778306956778233
345,0.13580326983740793
149,0.3893987411909196
444,0.642802691591775
189,0.4047418808147433
561,0.11432279437618634
787,0.1424555942348745
213,0.12371103715936416
154,0.0382324680756752
521,0.03290880883066072
344,0.638012651414536
771,0.12756318625008556
247,0.6449094054068475
347,0.11532137625793414
752,0.4178961524168833
101,0.4027629142913326
489,0.09604809937159532
593,0.3445834715068215
108,0.11825759759769777
217,0.364523247307492
177,0.10729812645082165
764,0.3865608382728627
347,0.11711090484609837
981,0.08502077184960288
447,0.3881697275913155
849,0.02890001683078066
322,0.40446412294135425
331,0.31136084360538624
567,0.3102567443937673
520,0.38547460301854175
428,0.15680695094577346
862,0.12371003731100799
477,0.027068561268207628
680,0.09181014212844386
344,0.36280344147804255
602,0.09060339181890738
906,0.08430994632480747
247,0.012473508184591997
449,0.4166412094165722
248,0.38479797230753293
752,0.14927795950947426
405,0.4050728306206892
425,0.0839041412052505
728,0.39062382205365576
684,0.36580145344622733
746,0.09120056791386646
452,0.14046776238937073
623,0.11177551404703637
779,0.3915815434659078
893,0.08927039399024488
504,0.4108158929229067
171,0.3803419148095874
749,0.40487086125271005
531,0.43304252188418074
264,0.3294348357165826
276,0.10696824314978898
969,0.3833689890366624
744,0.38222669561783124
697,0.383604286683186
578,0.12557608762670977
444,0.13988251781813096
538,0.3876845345122657
324,0.4330703843250441
792,0.642938171044058
766,0.36255992841085766
144,0.0777893352841486
242,0.36527786619029456
507,0.1207169579280475
532,0.17049934093329178
910,0.09473109911663397
701,0.1846015354337926
133,0.13576920833673584
267,0.08611487257765914
705,0.6578035664590872
912,0.08840199236449144
905,0.3350974935468121
246,0.601612638749789
513,0.17774977461751654
979,0.41977626726613126
975,0.042857899885184035
918,0.601551814641446
295,0.3594242206598666
682,0.6852560028395684
930,0.6382807274230062
355,0.13029017265714715
471,0.2033055653225926
475,0.41056706399529397
691,0.10154693204863934
890,0.08916414343824516
539,0.13996683836284843
244,0.11276896337388839
159,0.04743953833668564
965,0.35374528196556826
596,0.11533770711442103
881,0.30820438900100167
340,0.08238757121836528
449,0.4018431204600636
876,0.4083418014934399
780,0.40752559195188737
915,0.3959436818749155
218,0.3395880958054693
317,0.14729359380493956
702,0.04903549628306372
132,0.09379097503545296
379,0.30131889996683836
225,0.07199128132233272
226,0.12207935129838629
385,0.09034603085198739
452,0.1482244526246851
321,0.2958419972970766
165,0.19331967984855614
352,0.3058534788890351
927,0.3797724511782385
172,0.10246179329468358
594,0.450305970261177
381,0.11295133571408356
957,0.09028823961699145
581,0.3855568572099899
224,0.2181337163863481
752,0.12332389587579201
316,0.144721850519338
704,0.1119346232488072
803,0.3742447062195566
897,0.32249175541709524
396,0.6717252550029913
465,0.08689955356770884
387,0.12759764769010049
684,0.11478399109468386
249,0.07870699610559052
481,0.09066478250798622
856,0.10766753709020808
380,0.4031102616103229
779,0.162228928612494
504,0.12465689370445464
744,0.08882446162332051
875,0.12743613885227428
370,0.09246577602396971
681,0.6847391312317629
685,0.319269910730206
975,0.08196343554560892
500,0.387385513197165
476,0.4226118372046909
661,0.12856830047442824
745,0.08914954565224281
815,0.04560161708807503
364,0.10113219495043259
334,0.10439476679370305
818,0.08437853592205175
518,0.15790371793611302
722,0.43210199786365694
931,0.09841067438105226
107,0.3160363178251297
866,0.4171798610544062
553,0.14207858474798005
579,0.10017180727589647
756,0.026990039843957033
222,0.11537803433145961
775,0.13095060582478316
450,0.4021104799105472
596,0.44790663416048576
488,0.3759373828302705
860,0.15855841863983933
286,0.17762339378527595
994,0.6560152376889513
110,0.103222011328282
630,0.09817637658288496
246,0.5384414197180101
299,0.10624675257585947
226,0.45652736001706445
838,0.0159290507606346
132,0.09029383876778695
345,0.37751534350623495
126,0.37283505335024186
874,0.11534410614390161
265,0.13591065355087822
979,0.37312440946456493
413,0.1733741715839765
775,0.36385308228252083
430,0.14129910296938306
769,0.3595599334100998
574,0.311240995115741
401,0.33993171035726255
307,0.12063363723168655
991,0.4409937659454986
728,0.1646024352973131
422,0.3787884170900744
510,0.6551557180494294
145,0.17134494601652084
148,0.12279904214527455
200,0.027056429774817467
112,0.10802928222552916
545,0.13912803224844222
854,0.13751561013246305
183,0.08456130820158941
488,0.11377587732527238
343,0.12774469205503844
633,0.16798472231711536
104,0.6745135821067137
100,0.13988478414107175
153,0.16278177809698854
852,0.09705394681806605
386,0.11700718724326822
885,0.3983471173538682
950,0.38425912070002755
173,0.13159157527774973
861,0.2603719102602769
402,0.06624388634390448
908,0.14059700945356593
671,0.0802788910348597
507,0.6059777267114487
667,0.42794996092259296
412,0.7114583121559899
992,0.10596419543035981
453,0.6050734638579811
770,0.39800590243813055
495,0.036077861524335494
530,0.06981834421779354
886,0.4223806056081493
302,0.4084776475567871
655,0.22433445927367676
1000,0.01772017910616889
751,0.13271660464829513
264,0.08419249747121677
522,0.32384448358665563
184,0.09793574641179421
693,0.10359722108813496
318,0.04298328086906819
686,0.09891079852888984
854,0.06977681718272721
964,0.4341569861904285
609,0.1145369618941127
585,0.09061558996885469
452,0.43572121561563215
538,0.5433570575129436
580,0.03371555314110693
356,0.4529230400055997
338,0.3920826674621016
383,0.10310716208041777
886,0.4421999330101604
344,0.39625503465307815
638,0.044124841065771706
605,0.012349127049064214
553,0.007374748163195236
342,0.3868371297019953
274,0.40167881204683936
490,0.03905427676802353
272,0.1026212357792401
103,0.4609932826854585
578,0.11033126642459219
423,0.09453166269782416
721,0.0951368375796337
246,0.3707115754110626
956,0.03787878838376184
886,0.137481082035891
235,0.478691998380246
610,0.18788757038515846
617,0.21669760086386905
757,0.15031500222466246
719,0.3901543599220785
355,0.17681664947482947
262,0.1169500625738429
470,0.3692981897745504
787,0.13930273908457208
820,0.2168180492625285
533,0.3691080852737338
533,0.36029808812330133
612,0.07760956254967993
577,0.411013462958118
516,0.10116125720932334
805,0.3838544487419405
298,0.41177648056711386
683,0.18460906762474366
809,0.36029848806264403
586,0.40014631114281024
552,0.36354052968633077
996,0.04132559895082582
492,0.17245411112647943
451,0.40301420951155753
987,0.09555257452619678
226,0.1156306626828264
745,0.35095137237518925
464,0.11987468567267281
773,0.37108530206252105
472,0.4111559746771739
281,0.03381120530052941
604,0.033408266412927365
424,0.14942707022768212
293,0.08023929703994895
212,0.40712985197245083
635,0.1152613186999973
483,0.04138325687270768
875,0.4026468652254405
470,0.3656230804994574
606,0.2981977733377107
363,0.45682958084690506
639,0.6124268819229077
221,0.38026039384026733
493,0.0729012766397097
250,0.3481433982512649
189,0.09174108593529975
464,0.41759399824359944
631,0.13068257980872894
659,0.11491670429984772
642,0.09952883812621743
501,0.38431877831862166
724,0.40314292332329615
343,0.08057857891553118
377,0.11902268155996333
693,0.3282599472413349
933,0.3722478090822894
638,0.3068875220591541
987,0.06356362618336212
660,0.12350233547911893
974,0.13746001856385093
651,0.030198353249757122
794,0.3029453199598062
285,0.12072542331079798
142,0.12002406301710916
579,0.038953625366819386
720,0.4608535038852435
334,0.11122006495681475
194,0.4081341663181087
164,0.5369882234527763
407,0.28462429864803795
975,0.3033477922515083
176,0.08675297579867051
605,0.12321604556642234
601,0.6746269482461829
725,0.30598279260978756
117,0.13175974977128485
876,0.3495279215985579
533,0.40921300269459127
981,0.43974410547733606
460,0.09637771604639969
539,0.09669246830897313
236,0.11591368642422557
599,0.4260057557937046
653,0.3725263668343629
719,0.4622877030317067
827,0.36997482048555924
583,0.10499747538290033
411,0.5256520761017913
485,0.11383466840862484
115,0.14543734200312972
863,0.644749413005693
159,0.09841200751219395
987,0.13025724431794491
932,0.3611109648369996
889,0.034780258327487
288,0.11871819440718158
223,0.09873975780339972
705,0.09374064933485088
329,0.16002058021200097
622,0.08296408378062649
903,0.4525017705647979
409,0.11178311289454439
715,0.4375571704958081
493,0.2977775037452652
429,0.3902539448183695
414,0.3709322752715838
608,0.08168161162223725
698,0.09589078989686563
730,0.12437506978108301
229,0.11830279074340394
595,0.017442821172122216
771,0.4029765485568024
849,0.055625163516866666
262,0.07981169522622401
881,0.1628188391427301
736,0.034775325742262365
282,0.10555339106902113
343,0.4126698784017758
738,0.1340444699220617
544,0.30606238053895185
418,0.16061337363833164
150,0.11150475511214122
883,0.034473038255864535
676,0.14793136374316554
361,0.10977475082945752
631,0.3919070940907298
503,0.11961425850412702
667,0.15064995142403417
430,0.09242518218070263
642,0.14783444510915836
271,0.16831327248700617
381,0.320344014491136
502,0.023731600707226082
554,0.3935887723695242
101,0.3146788737041546
679,0.09721612222146314
736,0.41749901264974804
304,0.08980138012401451
838,0.11116620645868708
416,0.08194610484076581
424,0.02007575517713144
524,0.19859694612983694
604,0.11960392673777799
633,0.42311336114022713
309,0.06352036607781159
422,0.19351405036902702
744,0.14075118607011283
728,0.1207083592321831
689,0.017932146957711403
966,0.14107966958344645
238,0.10909991984549014
631,0.4179060175873323
277,0.018599645720399047
208,0.08630011114980891
170,0.10080737754773848
881,0.09630546033851538
494,0.3256840045926365
712,0.019863587355917676
885,0.18009095287214794
416,0.3207569518623011
211,0.09384570006882288
288,0.07947201341129921
265,0.6029416538491666
527,0.08941210583061569
260,0.3582015394331858
889,0.46950604158369336
477,0.043064001959702815
491,0.6652859649619809
990,0.14262990113166185
251,0.3935655758876575
418,0.11927777620394225
218,0.45179932710205584
121,0.0907949627639808
912,0.46852913974713833
301,0.31530111266457894
458,0.3830253744848699
293,0.2987946161498842
151,0.12848491312150984
212,0.14917870789596918
497,0.10060867435105669
675,0.1164596036267833
965,0.09305488667552098
968,0.09426610297438215
721,0.1227325855578571
529,0.10249045561423184
651,0.08266066313275815
698,0.39940595676322443
407,0.43997147099356654
507,0.32962953951983925
614,0.012728602828570988
808,0.3559180857569928
793,0.041749734623582106
403,0.11679741905810953
206,0.10510859186356743
177,0.31427560153376755
331,0.08501750567830552
116,0.16045633078983026
801,0.3017436355486083
